Project Number,Project Name
1,Amber Monarrez
1,Shenika Seewald
2,Jamal Vanausdal
2,Cecily Hollack
2,Carmelina Lindall
3,Penney Weight
3,Elly Morocco
3,Ilene Eroman
3,Vallie Mondella
4,Johnetta Abdallah
4,Bobbye Rhym
4,Micaela Rhymes
4,Tamar Hoogland
4,Moon Parlato
5,Laurel Reitler
5,Delisa Crupi
5,Viva Toelkes
5,Elza Lipke
5,Devorah Chickering
5,Timothy Mulqueen
6,Timothy Mulqueen
6,Arlette Honeywell
7,Amber Monarrez
7,Shenika Seewald
7,Delmy Ahle
8,Jamal Vanausdal
8,Cecily Hollack
8,Carmelina Lindall
8,Maurine Yglesias
9,Penney Weight
9,Elly Morocco
9,Ilene Eroman
9,Vallie Mondella
9,Kallie Blackwood
10,Amber Monarrez
10,Shenika Seewald
10,Delmy Ahle
10,Deeanna Juhas
10,Blondell Pugh
10,Cecily Hollack
11,Jamal Vanausdal
11,Cecily Hollack
12,Backend Integration
12,Penney Weight
12,Elly Morocco
12,Ilene Eroman
13,Johnetta Abdallah
13,Bobbye Rhym
13,Micaela Rhymes
13,Tamar Hoogland
14,Laurel Reitler
14,Delisa Crupi
14,Viva Toelkes
14,Elza Lipke
14,Devorah Chickering
15,Timothy Mulqueen
15,Arlette Honeywell
15,Dominque Dickerson
15,Lettie Isenhower
15,Myra Munns
15,Ilene Eroman
16,Carmela Cookey
16,Junita Brideau
17,Merilyn Bayless
17,Teri Ennaco
17,Merlyn Lawler
18,Melodie Knipp
18,Candida Corbley
18,Karan Karpin
18,Andra Scheyer
19,Amber Monarrez
19,Shenika Seewald
19,Delmy Ahle
19,Deeanna Juhas
19,Blondell Pugh
20,Jamal Vanausdal
20,Cecily Hollack
20,Carmelina Lindall
20,Maurine Yglesias
20,Tawna Buvens
20,Andra Scheyer
